Majority,Killings,Annual_10_M
Black,756,58.531663539558345
Hispanic/Latino,1113,52.192323789359655
White,3848,29.667551051120796
