Race,Freq,Prop
Black,1786,0.2550335570469799
White,3461,0.4942167642438955
Latino,1278,0.18249321719263173
