Quintile,Killings,Annual_10_M
1,2175,65.80272738055298
2,1640,43.912573215580586
3,1380,35.114279192626235
4,1073,25.727899955730273
5,691,15.81934956631196
